{
  "project_info": {
    "project_number": "89440922840",
    "project_id": "sample-5c2c6",
    "storage_bucket": "sample-5c2c6.appspot.com"
  },
  "client": [
    {
      "client_info": {
        "mobilesdk_app_id": "1:89440922840:android:f54e0e1af898bd4d10fbad",
        "android_client_info": {
          "package_name": "com.example.my_schedule_app"
        }
      },
      "oauth_client": [
        {
          "client_id": "89440922840-8du7br9pm7ujivhrgm5gkr6ejfdti6hc.apps.googleusercontent.com",
          "client_type": 3
        }
      ],
      "api_key": [
        {
          "current_key": "AIzaSyAzuoLXucqFx1vn-GuxQ7Qqf7kiUUSh5os"
        }
      ],
      "services": {
        "appinvite_service": {
          "other_platform_oauth_client": [
            {
              "client_id": "89440922840-8du7br9pm7ujivhrgm5gkr6ejfdti6hc.apps.googleusercontent.com",
              "client_type": 3
            }
          ]
        }
      }
    }
  ],
  "configuration_version": "1"
}